"Title","Description"
"[F0][Setup] Configurar workflows de CI/CD para a pasta atual","Adaptar os arquivos genéricos do template (.github/workflows e .github/dependabot.yml) às particularidades deste projeto. Status já resolvido nesta rodada de planejamento: 1) Stack confirmada: Node.js/TypeScript (Astro) -> manter os 3 workflows (typescript-check.yml, eslint.yml, security-audit.yml) e o bloco 'npm' do dependabot.yml, nada a deletar. 2) Projeto NÃO é monorepo (Astro único na raiz) -> nenhum 'working-directory' a adicionar nos workflows, e dependabot.yml já correto com directory '/'. 3) Branch principal mantida como 'main'. 4) node-version ajustado para '24' nos 3 workflows (Node 24 'Krypton' é a Active LTS; Node 22 'Jod' já está em Maintenance LTS — ver docs/DECISIONS.md); arquivos adaptados e prontos para colar por cima dos genéricos do template. Alinhar também um arquivo .nvmrc com '24' e a variável NODE_VERSION no Cloudflare Pages (ver issue de deploy) para que CI, máquina local e produção usem a mesma versão. 5) issues.csv preenchido com o backlog real (fases F0 a F6) -> FEITO. PENDENTE: ativar a automação 'Auto-add to project' no GitHub Project ANTES de rodar o workflow Importador Automático de Issues (Actions > workflow_dispatch), senão as issues nascem fora do board (ver issue [F6][Kanban]). 6) Dependabot alerts e Dependabot security updates em Settings > Code security -> podem ser habilitados agora, independem de existir código. Pendências que dependem da issue [F1][Setup] Inicializar projeto Astro: 7) script 'lint' no package.json (ex: 'eslint .'); 8) tsconfig.json na raiz (gerado pelo Astro, não criar manualmente); 9) branch protection exigindo os checks 'TypeScript Check' e 'ESLint' — só configurável depois da primeira execução dos workflows, porque os nomes dos checks só aparecem na lista depois que rodam. Esta issue NÃO fecha sozinha: manter aberta/em andamento até os itens 7 a 9 estarem concluídos. Critério de pronto: os 3 workflows de CI rodam sem erro em um push de teste (feito após a F1 existir), o Dependabot abre PR de teste (ou confirma que não há atualizações pendentes), e a branch principal está protegida exigindo os checks."
"[F1][Setup] Inicializar projeto Astro com Content Collections","Criar a base do site Astro estático que também serve de fonte de dados para o app GreenKeeper. Checklist: 1) Confirmar Node 24 ativo (.nvmrc / nvm use) e rodar 'npm create astro@latest' na raiz do repositório (projeto único, não monorepo), escolhendo o template mínimo, TypeScript no modo 'strict' e sem exemplos de blog. 2) Instalar o Tailwind CSS com 'npx astro add tailwind'; a integração muda entre Tailwind v3 e v4, então seguir a doc da versão instalada e registrar a versão escolhida em docs/DECISIONS.md. 3) Manter 'output: static' no astro.config e definir 'site' com a URL provisória .pages.dev (trocar quando o domínio for decidido); as páginas dinâmicas da Camada B ficam no Worker (fase F3), não em SSR do Astro. 4) Criar a pasta 'src/content/especies/' e configurar a Content Collection 'especies' (em Astro 5+ o arquivo é 'src/content.config.ts' com loader glob; o caminho 'src/content/config.ts' é o legado — conferir na doc da versão instalada). Por definição, tudo que está nessa collection é Camada A; a collection começa vazia e o schema completo vem na issue seguinte. 5) Adicionar os scripts no package.json: 'dev', 'build', 'preview', 'check' ('astro check') e 'lint' ('eslint .') — o script 'lint' destrava a pendência da issue [F0][Setup]. 6) Criar a estrutura de pastas usada pelo restante do roadmap: scripts/ (importadores Python), data/ (dados normalizados de staging, ver F2), src/schemas/ (schemas Zod compartilhados), tests/fixtures/ e docs/. 7) Rodar 'npm run build' e 'npm run check' localmente antes de começar a issue seguinte. Critério de pronto: 'npm run dev' sobe o site sem erro, 'npm run build' gera dist/ com a collection 'especies' reconhecida mesmo vazia, 'npm run lint' e 'npm run check' passam, e os 3 workflows de CI rodam verdes em um push de teste."
"[F1][Schema] Definir schema Zod completo da entrada de espécie","Definir o contrato de dados da espécie em um único schema Zod, reutilizado pela Content Collection, pelos scripts de importação, pelo gerador do plants.json consumido pelo GreenKeeper e pela carga do D1. Checklist: 1) Criar 'src/schemas/especie.ts' exportando 'especieSchema' e o tipo 'Especie' (z.infer); a collection apenas importa esse schema, de modo que site e scripts validam com a mesma regra. 2) Campos base: slug (kebab-case sem acento, regex ^[a-z0-9]+(-[a-z0-9]+)*$, único), nomes_populares (array com ao menos 1), nome_cientifico (binômio: gênero + epíteto), familia, grupo_botanico e origem (enum opcional: 'nativa-br' | 'cultivada' | 'naturalizada'). 3) Bloco taxonomia (dominio, reino, filo, classe, ordem, familia, genero), necessário para o breadcrumb taxonômico da página de detalhe e preenchido pelos importadores da F2. 4) categorias como array de enum com ao menos 1 valor: ornamental, frutifera, hortalica-aromatica, trepadeira, arborea, flor, cha, medicinal-tradicional, aroma-perfumado, carnivora-ornamental. 5) Bloco app_data (consumido pelo GreenKeeper), todos os campos opcionais para não bloquear espécies da Camada B: intervalo_rega_dias (inteiro > 0, VALOR BASE para clima neutro — ajustes de região/clima ficam no GreenKeeper, nunca aqui), intervalo_adubacao_dias (inteiro > 0), epoca_poda (meses 1–12 mais observação opcional), dificuldade (enum FECHADO: 'facil' | 'medio' | 'dificil'), luz (enum: 'sol-pleno' | 'meia-sombra' | 'sombra') e estagios_crescimento (array de objetos com nome e duração aproximada em dias). O GreenKeeper deriva o level_curve dele a partir de dificuldade (fácil->fast, médio->medium, difícil->slow); portanto alterar ou acrescentar valores desse enum exige avisar o GreenKeeper, e NÃO se cria campo de curva de nível/XP aqui — balanceamento de jogo é responsabilidade do app. 6) Bloco atributos como objeto flexível por categoria (trepadeira, frutifera, hortalica_aromatica, carnivora). 7) Bloco opcional uso_medicinal com validação condicional via superRefine: se categorias contém 'medicinal-tradicional', usos_tradicionais, parte_utilizada e fonte_referencia passam a ser obrigatórios. O aviso médico NÃO é campo digitado: o template injeta uma constante única sempre que o bloco existir (ver issues da F2 e F4). 8) Campos cultivares (array, pode ser vazio; cada item com nome, sinonimos, caracteristicas e fonte) e imagens (array com arquivo, alt obrigatório, autor, licenca e fonte_url). 9) Campos atualizado_em (data ISO) e slug_aliases (array de slugs antigos), usados pelo contrato com o GreenKeeper (ver [F5][Integração] Contrato e versionamento do plants.json). 10) Criar fixtures em 'tests/fixtures/' — um válido e um inválido de propósito (categoria 'medicinal-tradicional' sem uso_medicinal) — e um teste automatizado que roda o schema sobre eles; não colocar fixtures dentro de src/content para não serem publicadas. Critério de pronto: o teste confirma que o fixture inválido falha e o válido passa, o build falha ao colocar uma espécie inválida na collection, e um valor de dificuldade fora do enum é rejeitado."
"[F1][Design] Configurar design tokens e paleta de cores no Tailwind","Centralizar a identidade visual em tokens, para que site e componentes nunca usem cor solta no código. Checklist: 1) Registrar as cores do projeto como tokens: verde-principal-1 #3E7C4A, verde-principal-2 #1F4D2E, verde-claro #A8C69F, verde-militar #4B5320, bege-claro #F0E6D2 e texto #2B2B2B — em tailwind.config (Tailwind v3) ou no bloco @theme do CSS global (Tailwind v4), conforme a versão instalada na issue [F1][Setup]. 2) Definir papéis semânticos em cima das cores (ex.: fundo, superfície, texto, destaque, link, borda, aviso) para trocar a paleta depois sem caçar usos. 3) Definir escala tipográfica (fonte do sistema ou fonte self-hosted, sem CDN de terceiros), espaçamentos e raio de borda usados pelo layout 'feed'. 4) Criar o layout base (header com busca e navegação, footer com licença/links, container responsivo mobile-first) já usando só os tokens. 5) Conferir contraste texto/fundo dos pares realmente usados (texto sobre bege-claro, texto branco sobre verdes, links) com uma ferramenta como o WebAIM Contrast Checker e registrar os resultados em docs/DESIGN.md; ajustar o token, não o componente, quando algum par reprovar. 6) Garantir estado de foco visível em links e botões (acessibilidade por teclado). Critério de pronto: a paleta está aplicada em pelo menos um componente visível, não há hex solto em src/ (checagem por busca no repositório), e todos os pares de texto usados passam no mínimo WCAG AA (4.5:1 para texto normal)."
"[F2][Dados] Script de importação em lote — GBIF Backbone Taxonomy","Importar a espinha taxonômica das plantas vasculares a partir do dump público do GBIF, sem consultar a API registro por registro. Checklist: 1) Baixar o dump do GBIF Backbone Taxonomy (hosted-datasets.gbif.org) em formato Darwin Core Archive e registrar em docs/DECISIONS.md a versão/data do dump e a licença informada na página do dataset (conferir antes de publicar). 2) Escrever script Python em scripts/importar_gbif.py (dependências em scripts/requirements.txt) que lê o arquivo de táxons e filtra: reino Plantae, filo Tracheophyta (vasculares; briófitas, fungos e algas ficam fora do escopo decidido), taxonomicStatus 'accepted' e rank 'species' — cultivares vêm da issue da Embrapa, não daqui. 3) Normalizar cada registro para o formato do schema Zod (taxonomia completa: domínio, reino, filo, classe, ordem, família, gênero, espécie), gerar slug kebab-case sem acento e guardar o gbif_taxon_key para cruzamentos posteriores (Flora e Funga, POWO). 4) A saída NÃO são arquivos .md: gravar em data/normalizado/gbif.jsonl (um registro por linha). Gerar .md para dezenas de milhares de espécies estouraria o limite de 20.000 arquivos do Cloudflare Pages e contradiz o modelo de duas camadas; só espécies promovidas à Camada A viram .md (ver [F6][Conteúdo]). 5) Idempotência: rodar duas vezes não duplica nem altera registros existentes; chave de deduplicação = nome científico normalizado (minúsculas, sem autoria). 6) Registrar em log o total lido, filtrado, gravado e descartado por motivo. Critério de pronto: rodando numa amostra de teste (ex.: 100 espécies), 100% dos registros gerados passam na validação do schema Zod da F1 (via script Node de validação em CI ou 'npm run validar:staging'), uma segunda execução gera zero alterações, e o log fecha as contas entre lidos, gravados e descartados."
"[F2][Dados] Script de importação em lote — Flora e Funga do Brasil","Incorporar o cadastro oficial de plantas nativas do Brasil (JBRJ) e marcar a origem nativa. Checklist: 1) Baixar o Darwin Core Archive mais recente publicado pela Flora e Funga do Brasil e registrar a versão/data no docs/DECISIONS.md. 2) BLOQUEANTE: confirmar os termos de uso e a licença de reuso de dados no site oficial antes de importar em massa (pendência já registrada em DECISIONS.md); sem confirmação, o script roda só em amostra local e nada é publicado. 3) Escrever scripts/importar_flora_brasil.py filtrando apenas plantas vasculares, nome aceito e rank espécie, e apenas as nativas (conferir os nomes exatos das colunas de origem/estabelecimento no arquivo baixado); fungos e algas ficam fora do escopo decidido. 4) Cruzar por nome científico normalizado com data/normalizado/gbif.jsonl para não duplicar: no caso de espécie já existente, apenas enriquecer o registro com origem: 'nativa-br' e, se disponível, endemismo e domínios fitogeográficos (biomas) em campos opcionais; espécie ausente no GBIF entra como registro novo. 5) Gravar em data/normalizado/flora-brasil.jsonl e produzir um relatório de conflitos (mesmo nome com família diferente entre as fontes) para revisão manual, sem sobrescrever automaticamente. Critério de pronto: espécies nativas brasileiras entram no staging com a tag origem: 'nativa-br', nenhuma duplicata é criada em relação ao GBIF, todos os registros passam na validação do schema Zod, e o relatório de conflitos foi gerado (mesmo que vazio)."
"[F2][Dados] Integração com a Perenual API — dados de cuidado e cultivo","Preencher o bloco app_data (dados que alimentam o GreenKeeper) a partir de uma fonte externa, sempre como cópia própria versionada. Checklist: 1) Criar conta e chave de API no Perenual; guardar em variável de ambiente (.env fora do Git, e secret do GitHub Actions se rodar em CI) — nunca commitar. 2) Conferir os limites do plano gratuito E quais campos o plano gratuito realmente devolve (alguns campos costumam ser restritos a planos pagos) antes de qualquer lote, e conferir os termos de uso quanto a armazenar e republicar os dados; se a redistribuição não for permitida, parar e decidir a alternativa em DECISIONS.md. 3) Escrever scripts/importar_perenual.py que, para cada espécie da lista inicial de cultiváveis populares (a mesma da issue [F6][Conteúdo]), busca a correspondência por nome científico e salva a resposta bruta em data/raw/perenual/{slug}.json (versionado). 4) Documentar em docs/MAPEAMENTO-PERENUAL.md a tabela de conversão dos campos deles para o app_data: frequência de rega -> intervalo_rega_dias (valor base em dias, com a regra numérica escrita), nível de cuidado -> dificuldade ('facil' | 'medio' | 'dificil', pois é isso que o GreenKeeper converte em level_curve), exigência de luz -> luz, mês de poda -> epoca_poda. 5) Campo sem dado na fonte fica AUSENTE no app_data (nunca inventar valor nem preencher com padrão); registrar app_data_origem ('perenual' | 'manual') para saber o que já foi revisado por uma pessoa. 6) Nunca chamar a API em tempo real em produção nem no build do site; o build lê apenas os arquivos versionados. Critério de pronto: todas as espécies da lista inicial de cultiváveis populares têm o bloco app_data validado pelo schema e versionado no repositório, a tabela de mapeamento está documentada, e rodar o script de novo sem chave não quebra o build."
"[F2][Dados] Levantamento de cultivares — Embrapa (RNC/RENASEM)","Levantar cultivares das espécies de maior valor agrícola/ornamental já presentes no catálogo. Checklist: 1) Consultar o Registro Nacional de Cultivares (RNC) e o RENASEM para as espécies prioritárias (ex.: banana, citros) — conferir na fonte quais registros são do MAPA e quais fichas técnicas são da Embrapa, e registrar em cada cultivar a fonte exata (nome do registro, número quando existir e URL). 2) Preencher o bloco cultivares de cada espécie com nome, sinônimos e características levantadas, seguindo o schema da F1 (nome, sinonimos, caracteristicas, fonte). 3) Enquanto a decisão pendente em DECISIONS.md (cultivar como página própria ou subseção) não for fechada, usar SEMPRE subseção da página da espécie: é reversível e não gera arquivos novos. 4) Não copiar texto de descrição das fontes; redigir com palavras próprias e citar a fonte. 5) Conferir termos de reuso dos dados antes de importar em massa (pendência já registrada). Critério de pronto: banana (Musa spp.) e laranja (Citrus sinensis) têm o bloco cultivares populado com pelo menos os exemplos já levantados (caturra/nanica, prata, ouro, bahia, serra-d'água), todos com fonte citada, e a página de detalhe exibe o bloco sem quebra."
"[F2][Dados] Levantamento de plantas medicinais — RENISUS/ANVISA","Documentar uso medicinal tradicional como fato histórico/cultural, nunca como instrução de tratamento. Checklist: 1) Cruzar a lista oficial da RENISUS (Ministério da Saúde) e a RDC nº 10/2010 da ANVISA com as espécies já presentes no catálogo, por nome científico normalizado. 2) Para cada espécie encontrada, adicionar a categoria 'medicinal-tradicional' e preencher uso_medicinal com usos_tradicionais, parte_utilizada e fonte_referencia (citação + URL da fonte oficial) — somente uso tradicional documentado por essas fontes oficiais, nunca por fórum ou blog não verificado. 3) Redação obrigatória em linguagem de registro cultural ('tradicionalmente utilizada para...'), sem dose, posologia, modo de preparo terapêutico nem promessa de cura. 4) O aviso é uma constante única (ex.: src/consts/aviso-medico.ts) injetada pelo template sempre que o bloco uso_medicinal existir; nenhum texto de aviso é digitado por espécie. 5) Criar checagem automática pós-build (script em scripts/checar-aviso.mjs) que percorre dist/ e falha se alguma página com uso_medicinal não contiver o aviso, incluindo as páginas stub da Camada B (ver Worker na F3). 6) Registrar a decisão pendente sobre a categoria 'cha' (herda o aviso sempre ou só com finalidade terapêutica) em DECISIONS.md antes de aplicar a espécies dessa categoria. Critério de pronto: as espécies da RENISUS entram com uso_medicinal preenchido e fonte oficial, o aviso aparece automaticamente em todas as páginas que o exigem, e a checagem pós-build falha quando o aviso é removido de propósito num teste."
"[F3][Infra] Provisionar Cloudflare D1 (Camada B)","Guardar o registro estruturado completo das espécies que não têm página estática (Camada B). Checklist: 1) Criar o banco D1 no dashboard da Cloudflare e o arquivo de configuração do Wrangler com o binding. 2) Criar migrations versionadas em migrations/ (wrangler d1 migrations): tabela especies (slug PK, nome_cientifico UNIQUE, familia, grupo_botanico, origem, categorias e app_data serializados em JSON, taxonomia, gbif_taxon_key, atualizado_em) e tabela nomes_populares (slug, nome) para permitir busca por nome popular; índices em nome_cientifico, familia e nomes_populares.nome. 3) A fonte de verdade continua sendo o staging versionado (data/normalizado/*.jsonl); o D1 é gerado a partir dele, e o build do site e o plants.json NUNCA leem o D1 remoto (builds reproduzíveis). 4) Escrever scripts/carregar_d1.mjs que gera os SQLs de carga em lotes (não linha a linha), com tamanho de lote respeitando os limites de parâmetros/instruções do D1. 5) Antes da carga completa, conferir os limites atuais do plano gratuito (armazenamento de 5 GB e limites diários de linhas lidas/escritas): com dezenas de milhares de espécies mais os nomes populares, a carga pode precisar ser dividida em dias. 6) Excluir da carga as espécies que já são Camada A (têm .md). Critério de pronto: o D1 está populado com todas as espécies do staging que não são Camada A, consultável via 'wrangler d1 execute' (ex.: busca por slug e por LIKE em nome popular retornam o esperado), e recarregar o mesmo staging não gera duplicatas."
"[F3][Infra] Cloudflare Worker — API de leitura da Camada B","Servir as espécies da Camada B sob demanda, sem página pré-gerada. Checklist: 1) Criar o Worker (projeto em workers/camada-b/ com wrangler.toml e binding do D1) com as rotas: GET /api/especies/:slug (JSON), GET /api/busca?q=&limite= (JSON) e GET /especies/:slug (HTML stub) — a rota HTML só responde quando o slug NÃO é Camada A. 2) Busca simples: LIKE em nome científico, nome popular e família, com prepared statements (nunca concatenar entrada na SQL), escape dos curingas do LIKE, limite máximo por requisição e normalização de acentos/caixa. 3) Stub HTML mínimo reutilizando os design tokens do site: nome científico, nomes populares, família, breadcrumb taxonômico e app_data legível; sempre com escape de HTML nos campos. 4) Se o registro tiver uso_medicinal, o stub DEVE renderizar o mesmo aviso médico da constante única (compartilhada com o site) — o Worker não pode servir conteúdo medicinal sem o aviso. 5) Respostas 404 amigáveis (HTML) e 404 JSON nas rotas /api, cabeçalhos Cache-Control adequados e limite de taxa básico (ex.: regra da Cloudflare) para proteger a cota gratuita. 6) Roteamento: o Cloudflare Pages atende as páginas estáticas e o Worker atende o restante de /especies/* e /api/* — documentar a configuração escolhida em docs/DECISIONS.md. Critério de pronto: acessar a URL de uma espécie que só existe na Camada B retorna página funcional gerada pelo Worker (não 404), a busca por nome popular retorna resultados, um slug inexistente retorna 404 amigável, e uma tentativa de injeção via parâmetro q não altera a consulta."
"[F3][Infra] Cloudflare R2 — hospedagem de imagens fora do deploy do site","Hospedar imagens fora do repositório e do deploy, para não estourar o limite de arquivos do Pages. Checklist: 1) Criar o bucket R2 do projeto e definir como será servido publicamente (domínio próprio ou rota via Worker; o endereço público de desenvolvimento do R2 não é indicado para produção — conferir na doc atual). 2) Convenção de nome: {slug}-{indice}.webp (ex.: alecrim-1.webp). 3) Criar scripts/otimizar-imagens.py que converte para WebP, limita a largura (ex.: 1200 px, mais uma miniatura de 400 px) e compara o tamanho total com os 10 GB gratuitos. 4) Cada imagem tem metadado obrigatório no front matter (autor, licença, fonte_url e texto alternativo 'alt'); só entram imagens com licença que permita reuso, e a atribuição é exibida na página. 5) Upload por script (credenciais S3 do R2 em variáveis de ambiente, nunca no Git). 6) Restringir imagens apenas às espécies da Camada A. Critério de pronto: a página de uma espécie da Camada A carrega a imagem direto do R2 com atribuição visível e 'alt' preenchido, nenhuma imagem de espécie está versionada no Git, e o build falha se uma imagem referenciada no front matter não existir no bucket ou não tiver licença informada."
"[F3][Infra] Deploy no Cloudflare Pages","Publicar o site com build automático a cada push. Checklist: 1) Conectar o repositório GitHub ao Cloudflare Pages, com previews automáticos para pull requests. 2) Configurar build command 'npm run build' (incluindo o pós-build do Pagefind, ver F4) e diretório de saída 'dist'. 3) Definir a variável NODE_VERSION=24 nas configurações do Pages, igual ao CI. 4) Decidir entre domínio gratuito (.pages.dev) e domínio próprio (pendência em DECISIONS.md) e ajustar 'site' no astro.config; até a decisão, usar .pages.dev. 5) Configurar credenciais de D1 e R2 como bindings/secrets do Pages e do Worker, nunca commitadas. 6) Criar o arquivo _headers com Cache-Control para os JSONs de /api/v1/ (manifest curto, plants.json mais longo — ver contrato na F5) e para os assets. 7) Criar scripts/checar-dist.mjs que conta os arquivos de dist/ e FALHA o build acima de 18.000 (margem sobre o limite de 20.000 do plano gratuito). 8) Documentar o fallback (GitHub Pages) em docs/DECISIONS.md, sem configurá-lo agora. Critério de pronto: um push na branch principal dispara build automático, o site fica acessível na URL gerada, o preview de um PR de teste funciona, e o script de contagem de arquivos falha de propósito num teste com limite reduzido."
"[F4][Frontend] Home page","Criar a porta de entrada do site, pensada primeiro para celular (público majoritário do GreenKeeper). Checklist: 1) Bloco de destaques com as últimas espécies adicionadas à Camada A (ordenadas por data) e categorias em destaque em grade com as 10 categorias do schema. 2) Campo de busca em evidência levando à busca unificada (ver issue do índice de busca). 3) Contadores reais gerados no build (espécies com artigo completo e total catalogado), sem número digitado à mão. 4) Chamada para o app GreenKeeper com link de download/página do projeto, deixando claro que os dados de cuidado do app vêm deste catálogo. 5) Aplicar somente os tokens da issue [F1][Design], layout mobile-first e testar em pelo menos duas larguras (ex.: 360 px e 1280 px). 6) Metadados de SEO e Open Graph (título, descrição, imagem). 7) Medir com Lighthouse em modo mobile. Critério de pronto: a home renderiza sem quebra de layout em mobile e desktop, os contadores refletem o build, e o Lighthouse mobile atinge pelo menos 90 em performance e 95 em acessibilidade."
"[F4][Frontend] Listagem por família e busca estática (Pagefind)","Navegar por família taxonômica e buscar texto completo na Camada A. Checklist: 1) Gerar /familias/ (índice com contagem de espécies) e /familias/[familia]/ (lista) por getStaticPaths, agrupando automaticamente pelo campo familia e usando slug sem acento na URL. 2) Integrar o Pagefind como pós-build ('pagefind --site dist' no script de build) e marcar o conteúdo indexável (data-pagefind-body no artigo, filtros por família e categoria com data-pagefind-filter). 3) Como o Pagefind indexa apenas o HTML renderizado, garantir que nome científico e TODOS os nomes populares apareçam no HTML da página (com peso maior via data-pagefind-weight). 4) Testar a busca por nome popular, nome científico, família e termos com/sem acento (ex.: 'sao joao' encontra 'São João'). 5) Lembrar que o índice só existe após o build: documentar como testar em preview local. 6) Interface de busca estilizada com os tokens de design. Critério de pronto: buscar 'alecrim' retorna a espécie correta sem digitar o nome científico, a busca funciona sem acento, e a listagem por família mostra a contagem correta para pelo menos duas famílias."
"[F4][Frontend] Índice de busca unificado (Camada A + Camada B)","Permitir que a busca do site encontre espécies das duas camadas, com resultado da Camada B levando ao stub do Worker. Checklist: 1) Gerar no build 'search-index.json' (endpoint Astro pré-renderizado) com slug, nome_cientifico, nomes_populares, familia e camada. 2) Medir o tamanho do arquivo com todas as espécies; se passar de ~300 KB comprimido, NÃO embarcar a Camada B nele: o índice cliente cobre só a Camada A e a Camada B é consultada por requisição ao endpoint /api/busca do Worker (com debounce, mínimo de 3 caracteres). Registrar a decisão e a medição em DECISIONS.md. 3) Implementar busca client-side (ex.: Fuse.js) com normalização de acentos, mostrando resultados da Camada A primeiro e da Camada B depois, com indicação visual da camada. 4) Todo resultado da Camada B abre a rota dinâmica do Worker; nenhum link pode cair em 404. 5) Diferenciar este índice do plants.json: o índice serve à busca do site, o plants.json serve ao app (ver F5). Critério de pronto: buscar uma espécie que só existe na Camada B retorna resultado e leva a uma página funcional, o tempo até o primeiro resultado é aceitável em conexão móvel lenta (testar com throttling), e o peso do JSON carregado pelo cliente está documentado."
"[F4][Frontend] Página de detalhe da espécie","Montar a página completa da espécie da Camada A, com estilo de 'feed' (cards, visual dinâmico). Checklist: 1) Rota src/pages/especies/[slug].astro gerada por getStaticPaths a partir da collection, com layout em cards. 2) Cabeçalho com nome popular principal, nome científico em itálico, família e imagem do R2 com atribuição de licença visível. 3) Breadcrumb taxonômico completo (Domínio até Cultivar) usando o bloco taxonomia do schema. 4) Card 'Cuidados' exibindo o app_data em linguagem humana (rega a cada N dias, luz, dificuldade, época de poda) com a observação de que são valores de referência para clima neutro e que o GreenKeeper ajusta por região. 5) Bloco de atributos por categoria, bloco de cultivares quando presente e bloco de uso medicinal quando existir, com o aviso injetado pela constante única (nunca digitado). 6) Comentários (Giscus, issue própria) ao final e metadados de SEO com dados estruturados (JSON-LD). 7) Opcional, dependente de o GreenKeeper definir seu esquema de link: botão 'Abrir no GreenKeeper'. 8) Acessibilidade (hierarquia de títulos, alt de imagens, contraste). Critério de pronto: uma espécie com todas as camadas preenchidas (ex.: alecrim) renderiza cada bloco corretamente, sem campo quebrado ou vazio visível; uma espécie sem cultivares, sem uso_medicinal e sem imagem também renderiza sem blocos vazios; o aviso médico aparece em toda página com uso_medicinal."
"[F5][Conteúdo] Comentários via Giscus","Adicionar comentários sem servidor próprio, apoiados no GitHub Discussions. Checklist: 1) Ativar o GitHub Discussions no repositório e criar uma categoria dedicada (tipo que permita só mantenedores abrirem discussões, para o Giscus criar uma por página). 2) Configurar o Giscus com o mapeamento estrito pelo slug da espécie (não pelo título, que pode mudar), idioma pt-BR e tema alinhado aos tokens/modo do site. 3) Criar componente Comentarios.astro com carregamento tardio (lazy) e mensagem de fallback quando o JavaScript estiver desligado. 4) Embutir apenas nas páginas da Camada A. 5) Documentar moderação (quem modera, como ocultar comentário) e o aviso de que comentar exige conta no GitHub. Critério de pronto: um comentário de teste feito via GitHub aparece na página do site em menos de um minuto, a discussão criada usa o slug no nome, e a página continua funcional sem JavaScript."
"[F5][Integração] Contrato e versionamento do plants.json consumido pelo GreenKeeper","Formalizar, por escrito e por teste, o contrato entre GreenWiki e GreenKeeper, já que os dois apps evoluem em repositórios e ritmos diferentes. Checklist: 1) Criar docs/INTEGRACAO.md descrevendo URLs, campos, tipos e semântica (intervalo_rega_dias = valor base para clima neutro; dificuldade = enum fechado; nenhum campo de level_curve/XP) e a divisão de responsabilidade: GreenWiki = fato botânico; GreenKeeper = balanceamento de jogo, região e XP. 2) Publicar 'manifest.json' em URL fixa (/api/v1/manifest.json) com schema_version, gerado_em, total_especies e hash do plants.json: o app consulta primeiro o manifest (poucos bytes) e só baixa o arquivo grande se o hash mudou. 3) Versionar com semver: mudança que quebra (remover/renomear campo, alterar enum) = major, com nova URL (/api/v2/) e a /v1/ mantida por um período documentado; campo novo opcional = minor. 4) Cada espécie carrega atualizado_em (data ISO): o GreenKeeper usa isso para detectar 'dados novos disponíveis' na atualização manual de regras de cuidado por planta (issue futura do GreenKeeper). 5) slug_aliases: quando o slug de uma espécie mudar (ver [F6][Manutenção]), o slug antigo entra no novo registro para o app remapear plantas já cadastradas sem perder o vínculo. 6) Schema Zod do JSON em src/schemas/plants-json.ts e teste de contrato no CI que falha o build em qualquer violação; anexar um exemplo mínimo em docs/exemplos/ para o GreenKeeper usar como fixture. 7) Cabeçalhos de cache no arquivo _headers (manifest curto, plants.json mais longo); o cliente é app nativo, sem depender de CORS. 8) Manter um changelog do contrato em docs/INTEGRACAO.md e linkar a issue correspondente no GreenKeeper. Critério de pronto: manifest.json e plants.json validam no CI, alterar um enum de propósito quebra o teste de contrato, e o documento de integração permite ao GreenKeeper implementar o cliente sem consultar o código do site."
"[F5][Integração] API JSON estática para o GreenKeeper consumir","Gerar no build o plants.json que o app GreenKeeper usa como fonte de dados de espécie/família (a implementação do cliente fica no GreenKeeper, na issue seguinte). Checklist: 1) Criar endpoint pré-renderizado do Astro em src/pages/api/v1/plants.json.ts (ou script de build equivalente) que lê a collection (Camada A) e o staging (Camada B) e nunca o D1 remoto. 2) Estrutura: { schema_version, gerado_em, total, especies: [ { slug, nome_cientifico, nomes_populares, familia, grupo_botanico, categorias, camada, atualizado_em, slug_aliases, app_data } ] }. O campo 'camada' ('A' | 'B') é proposta ainda PENDENTE de confirmação em DECISIONS.md: serve para o GreenKeeper filtrar conteúdo rico (artigo + imagem) na seção Dicas e Novidades; é calculado no build (presença na collection), não digitado. 3) Escopo do arquivo: incluir apenas espécies com app_data mínimo preenchido (ao menos intervalo_rega_dias) — é isso que o app precisa para cuidado; opcionalmente publicar 'plants-index.json' leve (só identificação) para autocomplete/reconhecimento. Medir o tamanho e, se necessário, dividir por família (/api/v1/familias/{familia}.json). 4) Não incluir level_curve: o GreenKeeper deriva de dificuldade. 5) Validar a saída com o schema do contrato antes de publicar; o build falha se algum registro violar. 6) Publicar como asset estático em URL fixa, com o manifest da issue de contrato apontando para ele. Critério de pronto: o JSON publicado valida contra o schema do contrato, contém pelo menos uma espécie de teste com app_data completo, o GreenKeeper consegue buscá-lo por URL e exibir o app_data dela, e o tamanho comprimido está documentado."
"[F5][Integração] Cache local no SQLite do GreenKeeper","NOTA: a implementação desta issue acontece no repositório do GreenKeeper (DKoder57/GreenKeeper), não neste; ela fica registrada aqui porque depende diretamente do plants.json e do manifest publicados pelas issues anteriores da F5. Checklist: 1) Criar o módulo core/greenwiki/ (api.ts para o fetch, sync.ts para a sincronização, mapping.ts para traduzir o dado externo) sem depender de nenhuma feature, respeitando a regra de dependência do Architecture.md. 2) Criar tabela SQLite espelhando os campos do plants.json (slug PK, nome_cientifico, familia, camada, categorias e nomes_populares em JSON, dificuldade, luz, intervalo_rega_dias, intervalo_adubacao_dias, epoca_poda, estagios_crescimento, atualizado_em, synced_at) mais uma tabela de metadados de sync (último hash, última verificação), com repository próprio e upsert (INSERT ... ON CONFLICT DO UPDATE), não INSERT OR IGNORE, porque o dado muda a cada sincronização. 3) Sincronização periódica (ex.: no início do app se passou mais de 24 h): consultar o manifest.json, comparar o hash e só então baixar o plants.json; gravar em transação e em lotes; em falha de rede ou de validação, manter o cache anterior e tentar de novo depois, sem travar a UI. 4) Garantir que o app funciona offline usando apenas o cache salvo. 5) mapDificuldadeToLevelCurve (fácil->fast, médio->medium, difícil->slow) vive em core/greenwiki/mapping.ts e é aplicada na leitura; o cache não guarda level_curve. 6) A sincronização NÃO altera plantas já cadastradas: as regras de cuidado de cada planta seguem a política de snapshot (issue futura de snapshot no GreenKeeper); o cache apenas disponibiliza dado novo. 7) Integrar com a resolução hierárquica species -> family -> genérico (resolveCareRule), mantendo os valores hardcoded do MVP como último fallback quando a espécie não está no cache. Critério de pronto: com o app em modo avião, os dados de uma espécie já sincronizada continuam acessíveis; uma segunda sincronização com o mesmo hash não baixa o arquivo grande; uma sincronização com JSON inválido não corrompe o cache; e o mapeamento de dificuldade está coberto por teste."
"[F5][Integração] Feed de destaques para a seção Dicas e Novidades do GreenKeeper","Gerar a fonte remota da seção 'Dicas e Novidades' do GreenKeeper. Depende da confirmação do campo 'camada' (pendente em DECISIONS.md) e de imagens no R2. Checklist: 1) Definir o formato de /api/v1/destaques.json: lista de itens { slug, titulo, resumo (até ~200 caracteres), tipo ('especie' | 'dica' | 'novidade'), imagem (URL do R2 + alt), url_wiki, publicado_em }. 2) Fontes do conteúdo: espécies da Camada A com imagem e resumo, mais dicas curtas em Markdown numa collection própria (src/content/dicas/, schema Zod: titulo, corpo curto, especies_relacionadas, publicado_em); todo texto é original ou revisado, mesma regra dos artigos. 3) O JSON traz o pool elegível (ex.: até 100 itens, ordenado por publicado_em); a rotação 'sortida' é feita no cliente, sem endpoint com lógica de sorteio. 4) Conteúdo medicinal fora do feed por padrão; se incluído, o item precisa carregar o aviso. 5) Incluir o arquivo no manifest e no teste de contrato. 6) Criar a issue correspondente no GreenKeeper (feature de descoberta, consumindo o feed via core/greenwiki, com cache local e comportamento offline). Critério de pronto: destaques.json valida no CI com pelo menos 5 itens de teste, cada item aponta para uma página existente, e o GreenKeeper consegue listar os itens a partir do arquivo publicado."
"[F6][Conteúdo] Popular as primeiras espécies da Camada A","Publicar o primeiro lote curado, que serve de modelo de qualidade e de dado de teste para o GreenKeeper. Checklist: 1) Selecionar a lista inicial (mínimo de 20) cruzando POWO/GBIF com a Perenual e a Flora e Funga do Brasil, misturando cultiváveis populares (ex.: alecrim, manjericão, hortelã, babosa, espada-de-são-jorge, costela-de-adão, lavanda) e frutíferas nativas de vaso, um perfil de uso comum no GreenKeeper (ex.: araçá-amarelo, uvaia, cereja-do-rio-grande, jabuticaba, pitanga, grumixama, goiabeira-serrana, cambuci, guabiroba, pitomba, abiu-amarelo). 2) Cada artigo segue um modelo fixo em docs/MODELO-ARTIGO.md (descrição, origem e distribuição, cultivo em vaso e em solo, usos, curiosidades, referências), com texto original — a Wikipédia serve só de referência factual, nunca de fonte de cópia. 3) app_data revisado por uma pessoa (não apenas importado) e coerente entre espécies parecidas, lembrando que dificuldade vira level_curve no GreenKeeper. 4) Imagens via R2 com autor, licença e 'alt'. 5) Cada espécie entra por pull request, com CI (TypeScript, ESLint, build com validação Zod) verde e checklist de revisão. 6) Uso medicinal só com fonte oficial e aviso automático. Critério de pronto: pelo menos 20 espécies publicadas com artigo completo, imagem e app_data validado, o plants.json e o feed de destaques as incluem como Camada A, e o GreenKeeper consegue carregar ao menos 5 delas do cache local."
"[F6][Manutenção] Processo de sincronização periódica de nomenclatura","Detectar mudanças de nome aceito sem quebrar links nem vínculos do app. Checklist: 1) Definir a frequência (ex.: trimestral) e automatizar com um workflow agendado do GitHub Actions (cron) que roda o script e abre uma issue com o relatório. 2) Escrever scripts/checar_nomenclatura.py que compara os nomes aceitos atuais no GBIF/POWO com os salvos no catálogo e lista divergências (nome aceito mudou, sinônimo, gênero transferido), sem sobrescrever nenhum arquivo automaticamente. 3) Ao aplicar uma correção aprovada manualmente: manter o slug antigo funcionando com redirecionamento (_redirects) e registrar o slug antigo em slug_aliases do novo registro, para o GreenKeeper remapear plantas já cadastradas sem perder o vínculo (ver contrato na F5). 4) Incrementar atualizado_em das espécies alteradas, para o app oferecer a atualização manual de dados. 5) Documentar o processo em docs/DECISIONS.md. Critério de pronto: rodar o script gera um relatório de divergências sem alterar nenhum arquivo de conteúdo; uma alteração de slug feita em teste mantém a URL antiga redirecionando e aparece em slug_aliases; e o workflow agendado abre a issue com o relatório."
"[F6][Kanban] Configurar GitHub Project e automação de auto-add das Issues","Organizar o backlog em um board que recebe as issues automaticamente. Checklist: 1) Criar um GitHub Project (board) vinculado ao repositório. 2) Configurar as colunas: Backlog, Em andamento, Revisão, Concluído. 3) Criar um campo de Fase (F0 a F6) e usar labels por fase e por tipo (Setup, Schema, Dados, Infra, Frontend, Integração, Conteúdo, Manutenção) para filtrar o board. 4) Na aba Workflows do Project, ativar a automação 'Auto-add to project' para issues do repositório — o workflow Importador Automático de Issues só cria as issues no repositório, ele NÃO as adiciona ao board sozinho; a automação precisa ser ativada separadamente. 5) SOMENTE depois disso, rodar o Importador Automático de Issues (Actions > workflow_dispatch) com o issues.csv completo. 6) Nas issues de integração (F5), referenciar as issues equivalentes do repositório DKoder57/GreenKeeper e marcar dependências cruzadas, para que as duas frentes vejam o bloqueio entre si. Critério de pronto: ao rodar o importador, todas as issues do CSV aparecem automaticamente na coluna Backlog, sem arrastar nenhuma manualmente, e as issues de integração F5 apontam para as do GreenKeeper."
